scan_id,job_number,notes
scan226,250240-11,
scan227,250240-11,
scan228,250240-11,
scan229,250240-11,
scan230,250405-03,
scan231,250405-03,
scan232,250405-03,
scan233,250405-03,
scan234,250513-05,
scan235,250513-05,
scan236,250405-06,
scan237,250405-06,
scan238,250405-06,
scan239,250405-06,
scan240,250405-04,
scan241,250405-04,
scan242,250405-04,
scan243,250405-07,
scan244,250405-07,
scan245,250405-07,
scan246,250405-07,
scan247,250405-07,
scan248,250405-05,
scan249,250405-05,
scan250,250405-05,
scan251,250405-05,
scan252,250405-05,
scan253,250292-03,
scan254,250292-03,
scan255,240216-21,Year 2024 (older batch)
scan256,250312-01,
scan257,250312-01,
scan258,250312-01,
scan259,250312-01,
scan260,250312-01,
scan261,250312-01,
scan262,250240-14,
scan263,250240-14,
scan264,250240-14,
scan265,250240-14,
scan266,250240-14,
scan267,250312-03,
scan268,250312-03,
scan269,250312-03,
scan270,250312-03,
scan271,250312-03,
scan272,250312-03,
scan273,250555-01,
scan274,250555-01,
scan275,260064-01,Year 2026 (future batch)
scan276,260064-01,Year 2026 (future batch)
scan277,260064-01,Year 2026 (future batch)
scan278,260064-01,Year 2026 (future batch)
scan279,260064-01,Year 2026 (future batch)
scan280,260064-01,Year 2026 (future batch)
scan281,260064-01,Year 2026 (future batch)
scan282,260064-01,Year 2026 (future batch)
scan283,260064-01,Year 2026 (future batch)
scan284,250294-08,
scan285,250294-08,
scan286,250436-05,
scan287,250436-05,
scan288,250436-05,
scan289,250436-05,
scan290,250408-04,
scan291,250408-04,
scan292,250408-04,
scan293,250408-04,
scan294,250481-01,
scan295,250481-01,
scan296,250481-01,
scan297,250481-01,
scan298,250408-14,
scan299,250408-14,
scan300,250411-18,
scan301,250411-18,
scan302,250190-02,
scan303,250190-02,
scan304,250190-02,
scan305,250408-12,
scan306,250408-12,
scan307,250408-12,
scan308,250408-12,
scan309,250408-13,
scan310,250408-13,
scan311,250408-13,
scan312,250408-01,Long sequence (13 files)
scan313,250408-01,Long sequence (13 files)
scan314,250408-01,Long sequence (13 files)
scan315,250408-01,Long sequence (13 files)
scan316,250408-01,Long sequence (13 files)
scan317,250408-01,Long sequence (13 files)
scan318,250408-01,Long sequence (13 files)
scan319,250408-01,Long sequence (13 files)
scan320,250408-01,Long sequence (13 files)
scan321,250408-01,Long sequence (13 files)
scan322,250408-01,Long sequence (13 files)
scan323,250408-01,Long sequence (13 files)
scan324,250408-01,Long sequence (13 files)
scan325,250513-06,
scan326,250513-06,
scan327,250411-09,
scan328,250411-09,
scan329,250408-02,
scan330,250408-02,
scan331,250408-02,
scan332,250408-02,
scan333,250408-02,
scan334,250408-05,
scan335,250408-05,
scan336,250408-05,
scan337,250408-05,
scan338,250408-05,
scan339,250241-02,
scan340,250241-02,
scan341,250241-02,
scan342,250408-05,
scan343,250408-05,
scan344,250408-05,
scan345,250408-05,
scan346,250408-05,
scan347,250408-05,
scan348,250310-05,
scan349,250310-05,
scan350,250310-05,
scan351,250310-08,
scan352,250310-08,
scan353,250310-08,
scan354,250241-01,
scan355,250241-01,
scan356,250585-01,Long sequence (6 files)
scan357,250585-01,Long sequence (6 files)
scan358,250585-01,Long sequence (6 files)
scan359,250585-01,Long sequence (6 files)
scan360,250585-01,Long sequence (6 files)
scan361,250585-01,Long sequence (6 files)
scan362,240297-10,Year 2024 (older batch)
scan363,240297-10,Year 2024 (older batch)
scan364,250295-06,
scan365,250295-06,
scan366,250408-03,
scan367,250408-03,
scan368,250408-03,
scan369,250408-03,
scan370,250408-03,
scan371,250292-01,
scan372,250292-01,
scan373,250292-01,
scan374,250292-01,
scan375,250292-01,
scan376,250292-01,
scan377,250513-04,Long sequence (13 files)
scan378,250513-04,Long sequence (13 files)
scan379,250513-04,Long sequence (13 files)
scan380,250513-04,Long sequence (13 files)
scan381,250513-04,Long sequence (13 files)
scan382,250513-04,Long sequence (13 files)
scan383,250513-04,Long sequence (13 files)
scan384,250513-04,Long sequence (13 files)
scan385,250190-06,
scan386,250190-06,
scan387,250190-06,
scan388,250513-03,Long sequence (12 files)
scan389,250513-03,Long sequence (12 files)
scan390,250513-03,Long sequence (12 files)
scan391,250513-03,Long sequence (12 files)
scan392,250513-03,Long sequence (12 files)
scan393,250513-03,Long sequence (12 files)
scan394,250513-03,Long sequence (12 files)
scan395,250513-03,Long sequence (12 files)
scan396,250513-03,Long sequence (12 files)
scan397,250513-03,Long sequence (12 files)
scan398,250513-03,Long sequence (12 files)
scan399,250513-03,Long sequence (12 files)
scan400,250335-31,
scan401,250335-31,
scan402,250335-31,
scan403,250335-31,
scan404,250335-31,
scan405,250335-31,